{
  "bin": "b10",
  "bin_ms": 10,
  "n_triple_raw": 57,
  "n_triple_FDR_total": 0,
  "n_triple_FDR_per_region": {
    "GRN": 0,
    "MRN": 0,
    "SNr": 0,
    "SCm": 0,
    "IRN": 0
  },
  "MRN_pooled_SD": 0.06389768415534101,
  "MRN_pooled_CI": [
    0.006636114557547538,
    0.12124872438755822
  ],
  "MRN_pooled_p": 0.023572619662251305,
  "MRN_pooled_ci_lo": 0.006636114557547538,
  "MRN_decode_AUC": 0.5283767801310688,
  "MRN_decode_p": 0.06483790523690773,
  "n_cells": 1620
}