{
  "bin": "b20",
  "bin_ms": 20,
  "n_triple_raw": 56,
  "n_triple_FDR_total": 0,
  "n_triple_FDR_per_region": {
    "GRN": 0,
    "MRN": 0,
    "SNr": 0,
    "SCm": 0,
    "IRN": 0
  },
  "MRN_pooled_SD": 0.04986351016785098,
  "MRN_pooled_CI": [
    -0.008558133498828805,
    0.10596654935827228
  ],
  "MRN_pooled_p": 0.07259355782075133,
  "MRN_pooled_ci_lo": -0.008558133498828805,
  "MRN_decode_AUC": 0.5278462589799768,
  "MRN_decode_p": 0.059850374064837904,
  "n_cells": 1620
}