{
  "hmmlearn_check": {
    "our_ll": -870.818516527283,
    "ref_ll": -870.8185165272828,
    "abs_diff": 2.2737367544323206e-13,
    "match": true,
    "hmmlearn": "0.3.3"
  },
  "grid_convergence": [
    {
      "K": 30,
      "recovery": 0.725,
      "mean_d_cvll": -0.11551892416888307
    },
    {
      "K": 50,
      "recovery": 0.7375,
      "mean_d_cvll": -0.06701893517838471
    },
    {
      "K": 75,
      "recovery": 0.725,
      "mean_d_cvll": -0.03542031245402768
    },
    {
      "K": 100,
      "recovery": 0.725,
      "mean_d_cvll": -0.02370529121200775
    }
  ],
  "part_a2": {
    "step": 0.875,
    "ramp": 0.975
  },
  "part_a2_overall": 0.925
}