K,transmat_maxdiff,ll_B,ll_A,ll_reldiff
10,0.050830007462897286,-1010.6418644634723,-1010.9906719679789,0.00034513462856769874
25,0.22053749365847536,-1049.7316997323019,-1050.1135168957778,0.0003637283351291698
50,0.37965047280722786,-990.1597798828626,-989.9003026307977,0.0002620559401994922
100,0.4884319787527793,-1025.2255333573617,-1025.6401685989922,0.0004044331984911851
